{
  "credit": "Made by @vexxel with Blockbench - https://github.com/vexxel",
  "parent": "tfc:block/groundcover/template/ore_0",
  "textures": {
    "texture": "tfc:item/ore/small_hematite",
    "alert": "tfc:block/alert_ore"
  },
  "elements": [
    {
      "from": [
        7,
        0,
        7
      ],
      "to": [
        11,
        1,
        11
      ],
      "rotation": {
        "angle": -45,
        "axis": "y",
        "origin": [
          9.2525,
          0.755,
          8.495
        ]
      },
      "faces": {
        "north": {
          "uv": [
            8,
            10,
            12,
            11
          ],
          "texture": "#texture"
        },
        "east": {
          "uv": [
            7,
            7,
            11,
            8
          ],
          "texture": "#texture"
        },
        "south": {
          "uv": [
            5,
            10,
            9,
            11
          ],
          "texture": "#texture"
        },
        "west": {
          "uv": [
            5,
            6,
            9,
            7
          ],
          "texture": "#texture"
        },
        "up": {
          "uv": [
            6,
            8,
            10,
            12
          ],
          "texture": "#texture"
        },
        "down": {
          "uv": [
            7,
            8,
            11,
            12
          ],
          "texture": "#texture"
        }
      }
    },
    {
      "from": [
        8,
        0.01,
        6.99
      ],
      "to": [
        11.01,
        2.01,
        8.99
      ],
      "rotation": {
        "angle": -45,
        "axis": "y",
        "origin": [
          9.2525,
          0.755,
          8.495
        ]
      },
      "faces": {
        "north": {
          "uv": [
            7,
            6,
            10.01,
            8
          ],
          "texture": "#texture"
        },
        "east": {
          "uv": [
            8,
            6,
            10,
            8
          ],
          "texture": "#texture"
        },
        "south": {
          "uv": [
            8,
            9,
            11.01,
            11
          ],
          "texture": "#texture"
        },
        "west": {
          "uv": [
            9,
            10,
            11,
            12
          ],
          "texture": "#texture"
        },
        "up": {
          "uv": [
            9,
            5,
            12.01,
            7
          ],
          "texture": "#texture"
        }
      }
    },
    {
      "name": "alert",
      "from": [
        7,
        7,
        7
      ],
      "to": [
        9,
        9,
        9
      ],
      "shade": false,
      "rotation": {
        "angle": 0,
        "axis": "y",
        "origin": [
          15,
          23,
          15
        ]
      },
      "faces": {
        "north": {
          "uv": [
            2,
            0,
            4,
            2
          ],
          "texture": "#alert",
          "cullface": "up"
        },
        "east": {
          "uv": [
            2,
            0,
            4,
            2
          ],
          "texture": "#alert",
          "cullface": "up"
        },
        "south": {
          "uv": [
            2,
            0,
            4,
            2
          ],
          "texture": "#alert",
          "cullface": "up"
        },
        "west": {
          "uv": [
            2,
            0,
            4,
            2
          ],
          "texture": "#alert",
          "cullface": "up"
        },
        "up": {
          "uv": [
            2,
            0,
            4,
            2
          ],
          "texture": "#alert",
          "cullface": "up"
        },
        "down": {
          "uv": [
            2,
            0,
            4,
            2
          ],
          "texture": "#alert",
          "cullface": "up"
        }
      }
    },
    {
      "name": "alert",
      "from": [
        7,
        10,
        7
      ],
      "to": [
        9,
        15,
        9
      ],
      "shade": false,
      "rotation": {
        "angle": 0,
        "axis": "y",
        "origin": [
          15,
          27,
          15
        ]
      },
      "faces": {
        "north": {
          "uv": [
            0,
            0,
            2,
            5
          ],
          "texture": "#alert",
          "cullface": "up"
        },
        "east": {
          "uv": [
            0,
            0,
            2,
            5
          ],
          "texture": "#alert",
          "cullface": "up"
        },
        "south": {
          "uv": [
            0,
            0,
            2,
            5
          ],
          "texture": "#alert",
          "cullface": "up"
        },
        "west": {
          "uv": [
            0,
            0,
            2,
            5
          ],
          "texture": "#alert",
          "cullface": "up"
        },
        "up": {
          "uv": [
            2,
            0,
            4,
            2
          ],
          "texture": "#alert",
          "cullface": "up"
        },
        "down": {
          "uv": [
            2,
            0,
            4,
            2
          ],
          "texture": "#alert",
          "cullface": "up"
        }
      }
    },
    {
      "name": "alert",
      "from": [
        7,
        8.001,
        7
      ],
      "to": [
        9,
        10.001,
        9
      ],
      "shade": false,
      "rotation": {
        "angle": 0,
        "axis": "y",
        "origin": [
          15,
          24,
          15
        ]
      },
      "faces": {
        "north": {
          "uv": [
            6,
            0,
            8,
            2
          ],
          "texture": "#alert",
          "cullface": "up"
        },
        "east": {
          "uv": [
            6,
            0,
            8,
            2
          ],
          "texture": "#alert",
          "cullface": "up"
        },
        "south": {
          "uv": [
            6,
            0,
            8,
            2
          ],
          "texture": "#alert",
          "cullface": "up"
        },
        "west": {
          "uv": [
            6,
            0,
            8,
            2
          ],
          "texture": "#alert",
          "cullface": "up"
        },
        "up": {
          "uv": [
            6,
            0,
            8,
            2
          ],
          "texture": "#alert",
          "cullface": "up"
        },
        "down": {
          "uv": [
            6,
            0,
            8,
            2
          ],
          "texture": "#alert",
          "cullface": "up"
        }
      }
    },
    {
      "name": "alert",
      "from": [
        7,
        11,
        7
      ],
      "to": [
        9,
        16,
        9
      ],
      "shade": false,
      "rotation": {
        "angle": 0,
        "axis": "y",
        "origin": [
          15,
          28,
          15
        ]
      },
      "faces": {
        "north": {
          "uv": [
            4,
            0,
            6,
            5
          ],
          "texture": "#alert",
          "cullface": "up"
        },
        "east": {
          "uv": [
            4,
            0,
            6,
            5
          ],
          "texture": "#alert",
          "cullface": "up"
        },
        "south": {
          "uv": [
            4,
            0,
            6,
            5
          ],
          "texture": "#alert",
          "cullface": "up"
        },
        "west": {
          "uv": [
            4,
            0,
            6,
            5
          ],
          "texture": "#alert",
          "cullface": "up"
        },
        "up": {
          "uv": [
            6,
            0,
            8,
            2
          ],
          "texture": "#alert",
          "cullface": "up"
        },
        "down": {
          "uv": [
            6,
            0,
            8,
            2
          ],
          "texture": "#alert",
          "cullface": "up"
        }
      }
    }
  ]
}